{
  "rentang_fokus": {
    "precision": 1.0,
    "recall": 1.0,
    "f1-score": 1.0,
    "support": 11,
    "confused_with": {}
  },
  "number": {
    "precision": 1.0,
    "recall": 1.0,
    "f1-score": 1.0,
    "support": 6,
    "confused_with": {}
  },
  "series": {
    "precision": 1.0,
    "recall": 0.9047619047619048,
    "f1-score": 0.9500000000000001,
    "support": 21,
    "confused_with": {}
  },
  "merk": {
    "precision": 1.0,
    "recall": 1.0,
    "f1-score": 1.0,
    "support": 20,
    "confused_with": {}
  },
  "category": {
    "precision": 0.96,
    "recall": 0.9230769230769231,
    "f1-score": 0.9411764705882353,
    "support": 26,
    "confused_with": {}
  },
  "micro avg": {
    "precision": 0.9876543209876543,
    "recall": 0.9523809523809523,
    "f1-score": 0.9696969696969696,
    "support": 84
  },
  "macro avg": {
    "precision": 0.992,
    "recall": 0.9655677655677655,
    "f1-score": 0.9782352941176471,
    "support": 84
  },
  "weighted avg": {
    "precision": 0.9876190476190477,
    "recall": 0.9523809523809523,
    "f1-score": 0.9692927170868347,
    "support": 84
  },
  "accuracy": 0.9855491329479769
}